Review_Number,Rating,Title,Content,Content_Length
1,9,One of the best supernatural shows ever,"Stranger Things is absolutely as good as everyone says it is. When a show is as talked about about as much as this one has been it's hard to live up to expectations. Stranger Things has not only met those expectations but has surpassed them in every way. This is the show that our Netflix on the map as far as original shows go as this was not only one of their first but their biggest. As much as I love this show it's probably time for it for end and it is. This upcoming season is going to be the last. We have literally watched this cast grow up, they were children when this show first started and now they're all in their 20's. I can't wait for this last season and going to miss it when it's gone!",704
2,8,Never judge a book by its cover.,"I am one of those people that was put of by the thought that this was a kid's drama, from the advertising you'd swear this was aimed at a 4 o'clock after school transmission time, the reality is far from that. It's quite intense drama, thoroughly absorbing, the kind of show you can't help but binge watch. As someone that grew up in the Eighties, I can appreciate the detail that's gone into the production, it's like they slipped back and filmed it live, it is incredibly well made. I utterly love the music, it is so fitting, takes me back to wonderful eighties shows. Quality in both season one and two, I like the build up and tension that is abundant in the first. It's like the Goonies meets The Quatermass Experiment.",725
3,9,Captures that '80s magic,"There is no reason, in terms of story, for Stranger Things to take place in the '80s. But the '80s atmosphere - the dial phones, the chain smoking, Winona Ryder - are there to clue you in on the inspiration for this movie, which is pretty much every supernatural movie from the 80s with a focus on kids. E.T., Poltergeist, that sort of thing.

The wondrous thing is how dead-on this tribute. It's not just the clothes and hair, but the style of acting, the scripting approach, the structure, all hold true to their inspiration. You've got the young nerdy kids, the horny, unsure teenagers, the monster, the mysterious one with the power, the bad science/government people, the conflicted investigator, the tearful mom.

You could argue that this entire season is simply a pastiche made up of recycled elements, and I wouldn't disagree, but it really feels less like a copy and more like something of that era, as though the writers had fallen into a coma in 1985, woke up and got to working.

While it doesn't have the high style of the Spielberg films that are a primary influence, it does have the likability. The story is consistently engaging and fun, the acting is excellent, and the movie has sufficient laughs and tears to satisfy.",1238
4,10,"Strange, that's for sure...but also very, very good.","""Stranger Things"" is a very big surprise. After all, it's a made for Netflix series, so it's going to be cheap and suck...right?! Well, no...fortunately. Despite having mostly no-name actors and a modest budget, this show turned out to be a hit and one that promises to bring us more episodes. At the time I am writing this, the eighth episode has been aired and the series appears over...or so you think until the very end.

So what is this show? Well, in many ways it's like some Steven King novels (particularly ""Firestarter""), the 1980s and ""Gravity Falls"" all mashed up into one really strange but fascinating show.

The show begins with a child being lost into another dimension and his mother is naturally out of her mind with worry. But soon this sense of panic is felt by many in this small community. In the midst of this, a young girl, who is simply named '11' arrives in the town and is hidden by some middle school boys. They know she's being hunted...but what does she have to do with the disappearance as well as folks seeing monsters?! Well, watch this paranoid show and you'll see.

So why was the show so effective and why are so many folks eagerly awaiting more episodes? Well, the writing is terrific and the direction really keeps you on the edge of your seats. The acting is also surprisingly good and overall the package is well worth seeing and will impress you. Far better than network television.",1422
5,9,Lives up to all the hype,"Stranger Things absolutely lives up to all the hype! This worldwide phenomenon has been one of the most talked about shows since it came out back in 2016 and for good reason...it's terrific! It's an absolute blast to watch and will keep you entertained throughout the entire series. This has everything a show needs to be great...action, comedy, drama, suspense, even nostalgia with this show. You really come to care for these characters and what happens to them. Obviously, season 1 was the best but the others are not far off. All are absolutely worth watching and I can't wait for the new season! Season 5 of s going to be its last so hopefully it goes out as good as it started. I can't wait!",697
6,N/A,A nostalgic callback to the stories from my youth - but also a beautifully shot supernatural tale with charming performances and great production values,"There were two dominating forces in the eighties that had a lasting effect on my cinematic taste for ever after and also resulted in my undying love for fantasy, sci-fi and horror stories: Steven Spielberg and Stephen King. I guess it isn't an overstatement to say ""The Two Steves"" probably influenced and shaped the imagination - the dreams AND the nightmares - of an entire generation.

The main factor why I loved their movies and books was that kids roughly my own age figured so prominently in many of them. King wrote 'Firestarter', 'It' and 'Stand By Me', and Spielberg either directed or produced (via his company Amblin) 'E.T.', 'The Goonies' and 'Gremlins'. Those were stories where the young protagonists encountered aliens and monsters or where they themselves had supernatural powers - or where they just went on an adventure (to find a body or a long lost treasure) with grown-ups largely out of the picture. Now if you've seen 'Stranger Things', that should sound pretty familiar, right?

Of course it does: because 'Stranger Things' deliberately pays homage to all those stories - and it does it very, very well. And it's not a rip-off, it's a love letter. The show emulates the themes and a certain style from those eighties treasures, and while it is a (for me) very welcome callback to some of the favorite stories from my youth, it's also very much its own thing. I won't give away the plot here (I guess you get a pretty good picture what it's about from what I wrote above), but I would like to mention that it's beautifully shot, the effects and generally the production values are top-notch, and the period-inspired music is fantastic. The biggest shout-out, however, has to go to the ensemble of actors, especially the kids who play the protagonists: their charming performances are the key to why the show works as well as it does.

To sum it all up: If you're an eighties kid like me, this show is a must. For everyone else, it might depend a bit more on whether you're a genre fan or not, but if you do like supernatural stories, 'Stranger Things' is a treat. I'd rate it eight stars out of ten, but with an extra star for nostalgia, that's a 9.

Favorite TV-Shows reviewed: imdb.com/list/ls075552387/

Favorite films: IMDb.com/list/mkjOKvqlSBs/

Lesser-Known Masterpieces: imdb.com/list/ls070242495/

Favorite Low-Budget and B-Movies: imdb.com/list/ls054808375/",2390
7,10,One of the best Netflix show.,"Stranger Things as a whole is one of the best shows I have seen so far. First three seasons have been exciting and stunning but season 4 is extraordinary 👌🏻. The Duffer Brothers knock it out of the park for what I believe that this series is one of the best netflix series so far. There are so many twists and turns and it had me on the edge of my seat the whole time. This is one of the most addicting series that I have ever watched. I love the characters so much! The storylines and characters are so fleshed out and watching it gets me emotional and millies acting is superb. Can't wait for season 5.

From me 10/10 rating for this masterpiece❤.",649
8,9,Gets even Stranger in every season!,"I wasn't expecting this nostalgic TV show could be this good. In my opinion technical details in first season was not that charming but not only storyline that gets stranger, also all the technical details getting stranger.

I know first three seasons were quite the same in some ways. But the Season Four explains that situations. Not all minor things, but explains the major questions.

There is some great references to The Thing, E. T., D&D, Middle-earth and even more. That references makes ithe TV Show more exciting. Especially for geeks.

Film Editing was perfect even from the first season.

Cinematography, VFX and Sound is got better in the second season. They were a bit weak at first season.

Makeup, Costume Design, Scores, Art Direction & Set Decoration were quite good from the first season, they get a bit better along the seasons.",848
9,10,Never fails to satisfy,"Season after season, this always leaves me feeling amazed, exhilarated and fully satisfied. There is an element of familiarity, even cliche, about the stories involving aliens, monsters, lab experiments, orphans and family relationships, yet the way they are presented is both nostalgic and magical.

It's definitely one of the best series on Netflix.",351
10,9,ST,"Can't believe I never reviewed this yet, I was convinced I had. The premiere in 2016 hooked me and never let me go. The show that arguably launched streaming into the mainstream.

Stranger Things is pure nostalgia magic. But saying it just does undersells pretty much every other aspect of the show. Exceptionally solid actors and characters, excellent writing, incredible score, the list goes on.

As far as seasons go, season one is essentially perfect, enough mystery to want more but simple enough to be loved and enjoyed. Captured the magic of the 80s, even if you haven't lived those years. The childlike fun, it takes you right back. Season 2 and 3 try to repeat this but mostly miss out on some of the elements that made season 1, and now season 4 as well.. Horror. They both contain much more mystery and horror and that is one of the big pulls imo of this show, get you on your toes once in a while. S2-3 where focused more on fun, and went a bit too far with the whole Russian mall plot in S3.

I can't overstate how good Season 4 is and feels like a comeback, back to form and for that I cannot wait to see the next season. Stranger Things has a unique hold on 80s nostalgia, a combination of fun and horror. Season 4 manages to really expand on Eleven's story and gives a ton of meaningful depth on her character. We got lot's of time with Papa and everything surrounding it. The villain was good, though his form/the way he took shape didn't impress me as much, I wished it to be more disturbing/scary looking. But it's backstory is what gives the villain strength here. Also the underlying themes of mental health are well executed and never blatantly explained or anything, maybe I'm even reading into it too much but it's definitely the vibe I got. In general season 4 showcases a more diverse set of struggles which some characters have to deal with, sexuality, communication, rejection. Just a very diverse selection with a pretty big cast by now.

Eddie Munson was a fantastic addition to season 4, he grew to be one of the most likable characters in a very short while even whilst they put us on the wrong foot. The stoner friend was alright but never a comedic relief I cared too much about.

Directing has been rock solid the whole series so far, every shot looks beautiful and it just hooks you in. Just fantastic and never slacks. Set design as well, it so much 80s, it's perfectly done.

Combined with the directing and editing the Music is just the finishing touch to making a perfect series like this. The songs are expertly chosen and this show does not shy away from using music as much as they can. Honestly, if they'd use less the show would feel completely different. But that synth is everywhere and you will always know you are watching something in 80s. This could also get old, but hasn't for me as of yet. Music plays a huge part in this show and it just elevates so many scenes, expertly chosen.

Characters, what can I say, wat is there not to like? The writing is just so good for most of them, though sometimes it leans a bit too hard into comedy/cheese but it's alright. They toned it down a lot in S4, S3 being the worst offender of poor(er) writing.

S4 story wise was some of the best, the three different storylines blending into one towards the end. But also the diversity of those storylines was what kept it all so interesting and great to watch. In particular here, even though it was the worst story in S3, the Soviet storyline in S4 was my favorite of the bunch. Harbour gives another excellent performance but Gellman and Ryder also give their best. Djuricko (Yuri) and Wlaschiha (Dimitri) also very great, well written and very enjoyable.

The finale of S4 was great, did it need to be a single episode with a length of two and half hours? Not really, it could've been split up in my opinion. But still it was great, though the stakes were lower in the end than I had hoped (even though that would've hurt). Though whereas other seasons didn't end on as heavy of a cliffhanger, this one did. And we know exactly what were are in for with Season 5. The final season. Regarding music, notably they used the ''When It's Cold I Like to Die.'' and my god, that's one heavy song that slapped me in the face, I've heard it before so I knew what was coming after those first few piano notes. Great choice but a gut puncher.

I would have a lot more to say if I edited this review season by season but I never did until now, too late. I'm sure this series will go down as one of the big ones. Maybe it already is but it still needs to stick the landing. And I can't wait for that. But I will be sad that a show like this will be hard to replicate again. You really do get jealous of people who lived the 80s, though of course, it's romanticized here by a lot.",4805
11,10,Best series I have ever watched,"Season 4 deliver on everything I hoped to see, even though the gruesomeness is sometimes a bit much. I love the old school vibe, characters and character development these guys go through!! Greatest series I have ever watched !!!!",230
12,10,Netflix Nails it again.,"It can hook you immediately, everything seems fitting , the setting , the acting , the direction. Just as it should be. Bringing out the perfect blend of 1980s nostalgia. It gives mixture of taste of big 80's movies.

You immediately get hooked with the story , which is amazing because it takes time for me to get invested in a story.

I have been a fan of David Harbour Since the Newsroom , and he is just amazing.

You're scared , Intrigued , you're completely invested. With perfect setting.

I am really looking forward to where this goes from here on in.",560
13,7,Season 3 feels like a parody of the show.,"I don't know what happened but this is a different show, it's almost a comedy now. Everything about it feels off, the pacing, the directing, the dialogue and writing, even the characters are almost caricatured versions of themselves. Only fitting that My Bologna by Weird Al played in the second episode.

First two seasons were great, S3 is a parody of those two.",364
14,5,"I rated it 9 before, but after 3rd season I had to downgrade it to 5","Season 1 was pretty good. Season 2 regular OK. But they ruined everything on 3rd season turning it into a childish sunday afternoon movie, full of cliches, sketchy BD-like villans and failed attempts to make comedy wich ended up destroying all the great misterious atmosphere of the 1st season. It's a shame.",308
15,10,I get the hype now,"I just finished the last episode of season 4 and that was QUITE THE EXPERIENCE, I was shocked by how long the episode was but every second of it was entertaining. Season 3 was personally my favorite because I think that season had the most comedic scenes, and it just felt very vibrant in general. I LOVED HOPPER AND JOYCE and I'm so excited to see them in future seasons as well. So excited for season 5!!",406
16,10,Steven Spielberg meets Stephen King,"Stranger Things is the newest foray into Netflix's original programming, of which brings us their most impressive- and strange- production to date. When a young boy named Will Byers goes missing, his friends, mother and the town are thrust into a conspiracy involving a mysterious girl named Eleven and something even more sinister hiding in the woods of Hawkins, Indiana.

From the get-go, you can tell this is an homage to classic '80s Spielberg, drawing on E.T. and Close Encounters, as well as JJ Abrams' Super 8. But, as the show progresses, it becomes more and more like a twisted Stephen King story set in a Spielberg movie. It becomes a dark and twisted ride into an even darker and more disturbing world where the stakes feel higher than anything before it.

I can't go into great detail because spoiling even just a bit of the story takes away from the greater mystery, but I can say, it's one of the most thrilling and intense series to be on TV, without being on TV. If it were to continue, they have to pull the same punches they did with the first season, because they took a great many clichés, and somehow made them fresh and surprising, save for just a couple that they purposefully left cliché.",1212
17,9,"A spectacular mash of E.T, X-Files and 80's.","With its amazing 80s atmosphere and creepy X-files meets E.T feel this show is set to impress. Within its first 8 minutes of run time I could tell I had found something special here in Stranger Things.

Its intriguing story gives information at a great pace and I never felt myself getting confused of bored and there were enough twists or turns to keep me interested. This also had some rather great horror sequences and their use of lights flickering while yes a common trope fit so well in to the story I was on the edge of my seat every time the crackle of electricity shot through my speakers and the lights flickered.

The characters of the show are the true stars here, I loved every single one of them. They were all great with amazingly interesting flaws and the way they mix and clash with one another was fun to see unfold. They certainly help to carry this show although I would say that the government antagonists of the show felt a little flat and under developed and not nearly as memorable.

Production values are also quite good with some beautiful cinematography, editing, lighting and sound. My goodness I loved their music choices. I would say that the CGI does look a little obvious and from time to time I did notice some issues where the scenes didn't look quite up to scratch. I do think however I've been spoiled for visual quality since Game of Thrones so I would take that criticism with a grain of salt because it certainly didn't detract from the overall experience. The setting and style of everything in the locations where also great to see and felt real and interesting. The way everything was shot also captures every moment expertly and really helps to draw out those story moments with greater emotion.

Stranger Things is one of those special shows that I stumbled across and after the opening I knew I was hooked. Its exciting dark tale is expertly woven through its 8 episode run time and I know I will be back to re-watch this one. The ending is fairly well rapped up with a few loose story threads left hanging, with a promise for potential follow on seasons but the story is quite satisfyingly rapped up by the end. Memorable, exciting, dark and haunting Netflix knocks Stranger Things out of the park, 10/10.",2251
18,8,The Perfect Mash-Up of the Best 80's Sci-Fi!,"I've been trying to put my reaction to this series into cohesive sentences - even cohesive thoughts - and I just can't seem to do it. ""Stranger Things"" blended the best parts of some of the great 80's sci-fi films from ""E.T."" to ""Poltergeist"" to ""The Goonies"" to my all time favorite, ""Close Encounters of the Third Kind."" It was simply brilliant, and brings you back to a time when you were still able to feel a sense of wonder.

Though there are plenty of thrilling moments, this film does not rely on heavy CGI or jump-scares. It focuses on relationships between parents and children, best friends, and even a touch of romance. It takes you on a journey from a parent's worst nightmare to the resilience of those who rely on friends and cling to hope.

Also - you'll never look at Christmas lights the same way again.",820
19,N/A,Two very different seasons (EDIT: A few words about Season 3),"I guess plenty of people have said a lot of things about all the movie and TV references this series has and how it recreates the eighties in all their faults and splendor. I will not add to that.

With the release of the second season I'd simply like to advise that both seasons are very different animals. Think of it as the difference between the original Alien movie and the Aliens sequel: Whereas the first season was more about an unknown and unseen horror and the mystery behind the backstory, the second has more in-your-face action and horror laced with character development arcs which feel nice but sometimes sidetrack the series a bit.

Consequently, a fan of the show should probably watch the second season as a separate work of fiction rather than a true continuation of the first season in tone and spirit. The writers move the story forward and we get a very good piece of entertainment but the new season has to be judged on its own merits.

EDIT: Season 3 turned out to be a huge change in tone for the series. Maybe it's really hard keeping up the mystery if much of the ""world"" of Stranger Things already yielded many of its secrets but the overall ""feel"" of the series went into a different direction. Maybe the writers simply ran out of 80' templates to rip off. Season 1 was very much inspired by supernatural horror as in ""Poltergeist"". Season 2 took many cues from ""Creature Features"" like ""Gremlins"" or ""Aliens"". Season 3 now uses elements of 80' zombie flicks and low budget gore horror with a little bit of spy comedy mixed in (and fight scenes which feel straight out of ""Die Hard""). All those genres didn't really mix well in the 80' and this strange cocktail sure doesn't work today. That doesn't mean that Season 3 is bad. It simply relies on characters who were established in previous seasons which used very different 80' story elements and tropes. It's almost like seeing Darth Vader in an Indiana Jones movie. Both work on their own but not together.

Basically, Season 3 is an all too transparent attempt to plough a fresh nostalgia field but it doesn't work in the context of previous seasons.",2133
20,9,One of my favourites,"Awesome characters, great story, great balance between drama and action, love the humour in the series.... In my opinion it is a must watch.",140
21,10,Definitely a favorite.,"The monsters. The 80s nostalgia. The pacing. This show is so well done. It keeps a solid pace and it makes sure to keep everything correct to the time, even the food packages. Definitely recommend watching.",206
22,9,Again a very nice series from Netflix!,"Stranger Things is a 1980s inspired and themed science fiction horror Netflix show. The show is set in November 1983 and takes place in the fictional town of Hawkins. Hawkins residence live a fairly normal life until a boy named Will Byers goes missing in the woods. Three of Wills friends Mike Wheeler (played by Finn Wolfhard), Lucas Sinclair (played by Caleb McLaughin) and Dustin Henderson (played by Gaten Matarazzo) are very worried for him but what they uncover something more dark and sinister. After looking for their missing friend they come across a girl, who they call Eleven because of her tattoo. However they soon find out this isn't any ordinary girl but one with very special powers. It is very clear the show takes lot of inspiration from classics 80's films like The Goonies and ET.

The performances from all of the cast are great especially the child actors, who show the right amount of charisma and banter you expect from kids growing up in the 80's. However, the star of the show here is definitely Eleven (played by Millie Bobby Brown) who plays the ET type of role in show. Millie's brilliant acting skills have a lasting effect on the viewer even though she has 42 words throughout the whole series.

The Duffer Brothers brilliant writing and directing skills play with your emotions to create a love letter to all those 80's horror films. It's truly something special! 9/10",1401
23,7,"Great, good, bad","That's about it. The first season was brilliant, the second one was OK, the third one was barely watchable. If they continue like this in the forth season, it'll be massive disappointment.",188
24,4,Beware of Season 3,"The dark story is still there and it's enjoyable to watch but unfortunately I had to skip many parts in season 3. The majority of the scenes have this awful teen comedy theme with that typical annoying goofy background music that goes with the ""jokes"". They are all the same and doesn't lead the story anywhere. When you see it coming, just skip 5 minutes of the episode and you won't miss anything important.

I'm very disappointed in the direction this show has taken. 2/3 of this season is something you expect to see on a bad Nickelodeon show.",547
25,10,THE BEST,"!!!SMALL SPOILER FROM END OF EPISODE ONE!!!

This is my absolute favorite show. I give it a 10/10! I watched this show with my sister and I loved it so much! The way they just made the show makes you feel like you are a part of it. Like when will goes missing you wonder ""what is that!?"" or ""no willllll!"" you just feel like you are a part of the show! But a warning be careful because you will most likely get addicted! There are a bit of jump scares but there's also so many beautiful moments. The episodes are a bit long but it all pays off! Anyways, I totally recommend!",574
26,9,"Fun, clever and very entertaining.","Not much needs to be said, one of the best shows out there currently and should be watched by everyone at least once in their life. The characters are also probably the best in any movie or TV-show, as they are all VERY well acted and each have a unique, fun and interesting personality.",287
27,8,Oh dear.....what happened?,"I'll leave my score at 8/10 in homage to seasons 1 and 2. Season 3 left me with very mixed emotions, most of them negative. I wont go into the issues as many others here have listed them well. For me, just as you saw a glimmer of hope that the storyline was emerging from the wreck, it crashed again with spurious awkward out of place dialogue, irritating characters and messages. Stereotypical bad guys and most of the questions raised left unanswered. By the end I just felt sad and annoyed.",493
28,9,Great!,"Great show! Loved the action, and the 80s vibes too!",52
29,8,Season 4 is surprisingly good!,"Talk about a return to form. After the disappointing season 3, my expectations for season 4 were quite low but I have to say this is the best after the first one. It surpasses season 3 in every possible way: better story, better acting, less dull moments, and the revelation in episode 7 (which I won't give away) is excellent. I can't wait to watch the rest.",359
30,10,Exactly what you would want to watch.,"Simply the best and most addictive series out there. Amazing characters and character development, each season has a fantastic story whilst still building on previous series.

I personally love the 1980's theming.

Great actors, great writers, great directors. Can't wait for the finale of season 4, I expect if it's anything like the first 7 episodes, it will be something epic.",379
31,9,Season 4 close to Seaon 1,"Wow, season 4 was almost as good as season 1 in my opinion. It has the same dark/horror type script and sequences as the first and the fact that a lot of it took place in the other dimension really made it enjoyable. The season 4 finale is also one of the best season finale you'll ever see.",291
32,10,A truly must watch. Tv as it should be.,"This is a series that continues to go strength to strength. Truly expecting season four to be a little bit of a let down! I mean how can you continue to make tv of this calibre.

But the Duffer Brothers have produced an absolute gem. Full of nostalgia, a story line that continues to deliver and characters that are truly lovable.

If you haven't seen it; watch it.

Can't wait for season 4 part 2!",398
33,N/A,One of the best fiction series!,"""Stranger things"" is definitely one of the best TV series in its genre!

High-quality cast, a lot of nostalgic and not only references, atmospheric and beautifully furnished locations, and of course an interesting idea that we were able to implement in all respects. The characters change and can give a new impression of themselves in each season.

In the first season, they will only spin the intrigue and introduce the extermination characters. However, this is the most atmospheric and best season for me!

In the second season, there will already be more scale and thriller, which is logical. And it still looks great. The story does not stand still - and this is the main thing for the series The third season is the brightest and most glamorous among all four. There is a special atmosphere in it, different from the original one. And, perhaps, this is my least favorite season, but nevertheless it cannot be denied that it is addictive and interesting. Some people may like the innovations, while others may not. There's nothing can do about it And the last season 4, the darkest of all, which can be called the beginning of the finale. The season itself is a direct reference to the horrors of the 80s-90s. The most important events for the plot will take place. And in general, the season could have been the best in the show - however, it was prevented by a lot of unnecessary scenes that could have been dispensed with.

The final fifth season has not yet been released, but according to known information, we can expect it before 2025. Well, we hope that he will not disappoint, but only please.",1608
34,6,Stop it,"The first season was fantastic! The second season was a copy/paste without the magic. Unfortunately, the third season was just an empty mess. A complete waste of time.",167
35,3,Third season sucks,They should finish with season 2. Loved first two hated the third.,66
36,9,A rollercoaster of twists and turns,"I watched this web series 3 months ago. And I still remember the effect which it put in my mind. It has a very nice concept and story. Although it had some loopholes which were nothing as compared to the whole web series. First coming to its story it has many twists and turns and most of them were unpredictable. The pacing is slow in first 1-2 episodes of all the seasons. But then the pace increases and then keeps you hook until the end. Talking about the acting, all have acted very well especially Millie Bobby Brown, Finn Wolfhard and David Harbour. The technical aspects of the web series were also good. The web series is outstanding in its emotional aspects especially when all friends unite with each other or the bond between two characters . Moreover the intro theme of the web series is also great which gives you goosebumps. The climax of all three seasons were good. There were some scenes which were somewhat illogical or did not have any explanation. But when you watch the whole web series you will not care about these small things. Overal I can say this is a must watch web series especially if you love watching sci-fi and fantasy web series because it keeps you hooked until the end when the pacing increases.",1232
37,10,This Series is a true time machine: it will take you to the 80's. Believe me.,"ATTENTION TO ALL OF YOU WHO LIVED YOU'RE YOUTH IN YEARS 80, liked movies like Goonies, Portergeist, The Evil Dead, The Thing, Alien(s), Star Wars, ET, Clouse Encounters of the Third Degree, Indiana Jones, It - Stephen King, Lord of the Rings (ok, this is newer, but the books are older and the references are all there) and so many other fantastic and unbeatable classics of that magic decade. I have to say: Watch THIS, STRANGER THINGS! Oh really. Watch it. But watch accordingly: at night, turn off your mobile, whats-app, Facebook, Instagram, blah blah blah, watch as you should watch every movie, with immersion, transport yourself into the adventure, and I assure you, you will remember how it used to be, when going to the movies itself was already an adventure. You will be transported to the 80's. Cool characters, family dramas, pure and sincere friendships among nerd, intelligent, and excluded children, teenage's dramas, music and soundtrack of the 80s, in every detail, from the suspense in songs of each scene, the opening song and title of the series, the soundtrack, the references/homage to the 80's is very strong, very clear. I loved it. For me, it is among the 2 best series I've seen in the last 10 years, with only Game of Thrones at the same level. I cannot think of any other that has given me so much pleasure to watch, which has given me the desire to watch again, and again, and again. No, not even Breaking Bad, Marvel's Daredevil, The Walking Dead, The Expanse (unknown by many, but i liked), NCIS, etc. I'm looking here at the list of series that I follow (around 50), and none is equal to the entertainment provided by this. Congratulations to the Duffer brothers. The series is amazing. Worth every minute.",1738
38,10,Nostalgic,Not only did Ryder play the perfect role for this series. The plot and sequences played to a awesome playback to Generation X. Plus the soundtrack is great.,156
39,10,WHAT THE F...,Can we just acknowledge that that Season 4 finale had some of the best writing of any TV show ever!? The way they add missing information to give context to things that literally happened in Season 1 is insane!!! EPIC SHOW!!! Literally one of the best out there. An apsolute MUST SEE!! I can't wait for Part 2 to come out. Once it ends I'm immediately going to rewatch everything now that I understand everything! Apsolutely INSANE!!! Thanks Duffer bros! What a vibe!,467
40,10,What A Watch Must See!,"Stranger Things was an amazing surprise upon watching it I had no idea what kind of adventure was ahead of me. The best way to put this show is a love letter to the '80s classics that captivated a generation. 'Stranger Things' is set in 1983 Indiana, where a young boy vanishes into thin air. As friends, family and local police search for answers, they are drawn into an extraordinary mystery involving top-secret government experiments, terrifying supernatural forces and one very strange little girl.

I loved everything about this show, the cast were absolutely breathtaking, If I started to note on each one I liked we'd be here all day but some really did stand out to me like Joe Kreery as Steve Harrington, by far my favourite from start to nearly finish as we have one more round to go.

I highly recommend watching this, I absolutely loved it! Bring on season to 5!",875
41,8,Myriads of 80's pop culture done in an amazeballs way.,"I was not interested in seeing this but my daughter made me sit with her cos she wanted explanation about each n every thing associated with the 80s.

And to be honest, after completing the first 3 seasons, i can definitely vouch that fellas who were kids in the 80s will enjoy this.

Some amazing homages : Stand By Me, Firestarter, The Blob, Back To The Future, NeverEnding Story, The Thing, The Goonies, E. T., Ghostbusters, Close Encounters of the Third Kind, Gremlins, IT, Risky Business, Star Wars Episode V, The Evil Dead, Day of the Dead, Fast Times at Ridgemont High, The Woody Woodpecker Show, Halloween 2, They Live (alleyway fight), Invasion of the Body Snatchers, The Terminator, Scanners, Aliens, Karate Kid, Jaws, The Predator, Poltergeist, Indiana Jones, The Mist, Cujo, etc.

But the best homages were the arcade games n the vhs store.",852
42,9,"Nostalgia, horror and sci-fi in one great series","This series is set in '80s Hawkins, Indiana. As it opens twelve year old friends Will Byers, Mike Wheeler, Dustin Henderson and Lucas Sinclair are playing Dungeons and Dragons. Shortly afterwards Will vanishes; he has been taken to 'The Upside Down'; a dark parallel universe. Around the same time a mysterious girl, known as Eleven (shortened to El), turns up. It later becomes apparent that she has telekinetic powers and is being looked for by workers at a secretive facility. As the story progress's Will's friends befriend El and she helps them try to find him. His mother is convinced that he is trying to communicate with her.

I've only described the basic plot of season one; the second and third seasons follow on with new, but related stories with most of the same characters and some new ones.

I really enjoyed this series from the start of the first season to the end of the third. Perhaps it was because I was in my early teens in the early eighties I really enjoyed the nostalgia factor despite the fact that I was growing up in rural Oxfordshire not small town America... of course I was watching American films like ET and late '50s set 'Stand By Me'. The group of friends in this particularly reminded me of the boys in the latter of those films. The story provides some good scary moments and a great atmosphere with threats that are a combination of fantasy and sci-fi... creatures beautifully mirroring the Dungeon and Dragon monsters in the game the boys play. The characters are great; most obviously the boys, Eleven, Will's mother Joyce and Jim Hopper, the town's sheriff. The cast is really good; the youngsters are really great making their characters believable even during the most fantastical of scenes. Millie Bobby Brown particularly stands out as Eleven; a character that is both vulnerable and at times potentially dangerous. The adult cast is impressive too. The effects, an impressive mix of CGI and physical effects, impressively bring the more supernatural elements of the film to life. Overall I'd certainly recommend this series to fans of the genre... I can't wait for season four.",2123
43,6,"Season 1+2 fantastic, Season 3 WTF","It really hurts me to write this review but I really don't know what happened with season 3. To me, it looks like Netflix interfered too much and tried to turn a thrilling drama into a teen comedy.

Season 3 is a completely different show. The directing, the WRITING, the pacing, even the music composing is completely different. I had to take a 20 minute break after watching the first episode because I knew something wasn't right. All the suspense and thrill of Season 1/2 is completely gone. With season 3, there is no moments that make me interested in the slightest. 90% of the season is Mileven relation issues, Steve working as a sailor selling ice cream, Hopper trying to be funny, and other weird scenes that seem so out of place. The problem is that these characters weren't funny in the first two seasons, they were unique and charming in their own way. Now Netflix has turned this once exciting show into a comedy that is completely studio written without regards to the characters traits or anything. Hell, the jokes aren't even funny.

From a technical aspects, everything has went down hill as well. The camera work, editing, sound, and acting all don't know what's going on either. It's like they don't know if their doing a thriller drama or a terribly forced cringe comedy.

It really hurt me to watch this season. I didn't enjoy a minute of it. I'd like to talk to the Duffer bros because I know someone got to them because you can tell within 5 mins, this is not their style. That, or the Duffer bros are just trolling us as a way to boycott Netflix or somin. I have no idea but something is up, this is way worse than went GoT and HoC went downhill on their last season! N",1694
44,5,Stop at Season 2. Season 3 is a joke,"Season 1 = 9/10, season 2 = 7/10, season 3 = 2/10. Season 3 what a joke. No plot, no story, nothing new, cheesy, cliche, just plain annoying dialogues, illogical, cringey. CRINGEY! What a woeful, horrid season. Writers and producers should be ashamed.",251
45,10,A Must Watch,"Stranger things is a programme that provides scifi, horror, violence, romance and some comedy. This is an easy binge watch, I definitely recommend.",147
46,9,The series is beyond the ideas of the other world!,"The 8 episodes of the First season flew by unnoticed in the extraordinary film atmosphere. The creators managed to shoot a unique work, in which the motives of famous books and films of previous years are guessed. The sci-fi character sets the main tone for the entire tape, but high-quality directing does not give even a second to get bored. An exciting plot, a cool game of actors, diversity and retrospectives, coupled with fascinating music, immerse the viewer in a world that you do not want to part with. This is a film that is interesting to reflect on, discuss with friends and even draw parallels with your own realities. Each episode is a new batch of intrigues and impressions, secrets and solutions, almost always unpredictable. The ending of the first season leaves a lot of questions... To the delight of everyone who has managed to fall in love with Stranger Things, the release of season 4 is expected soon, which has been postponed many times due to the pandemic! In the meantime, there is time to reflect on what he saw, and maybe watch the series again in the company of interesting people. I think this film will also appeal to modern teenagers, for whom the entourage of the 80s with its games, customs and traditions will appear in a new light. Everyone in this film will be able to find a favorite hero, according to their ideals and preferences. In particular, I would like to note the highly professional game of Finn Wolfard, who played Michael. His character is an example of a kind, truly bright boy who knows the value of friendship. To be honest, throughout the season I often caught myself thinking an annoying thought - why wasn't I like this as a child? There was also a place for tears, which it was sometimes impossible to restrain (although I am not so sentimental). The film is really addictive, as if you are experiencing events, joy and pain together with the characters. A movie for a wide audience with meaning and a great plot!

And who has become your favorite hero for you? And if you haven't watched the first season yet, then don't hesitate and call your friends!",2110
47,10,A masterpiece,"This is one of the most magical things I have ever had the fortune of viewing. I won't go into details about the narrative, which is build on classic sci-fi and horror concepts and it works. But what really makes this show excel is the little things. The casting is amazing - every single character, regardless of how small the part is, feels like a complete character, and the main cast delivers some powerful stuff all throughout the series. The production is spot on in it's portrayal of a small town in the 80's, and I have to assume that it is in part based on the creators own experiences and childhood, because everything feels real.

The only thing that bothered me throughout the entire show was the incompetence of the government entities. I know and understand that this is a popular portrayal of the government in these types of stories and especially in the US is this a common sentiment. But it simply didn't seem believable that they would make some of the choices they did. Doesn't take a genius to see that they are doing a crummy job. But this is all in all a negligible detail, as it keeps the story moving.",1126
48,9,Instantly hooked,"What can I say Netflix has done it again!

I was hooked from the first episode!

The acting in this is brilliant, especially from the younger members of the cast.

The period it is set in they have managed to get it spot on down to the littlest details.

I especially like the musical score in it, sets the mood superbly!

This series has the perfect amount of mystery, suspense, and scares to keep you wanting more!! Hope this show runs for many more episodes, it's a classic in my eyes!",488
49,10,Just watch it. You will not be disappointed.,"Just watched the first chapter last night. Everything about it is great, the actors, the writing, the fact that it takes place in the FREAKING 80s (YES!) and all the music. The theme music is completely on point...very John Carpenter-ish with heavy synthesizer sounds that are very menacing. Watch this show, tell your friends to watch. It feels very Stephen King/Steven Spielberg..with some X-Files mixed in. I have never seen the kid actors before but they were all so good. Their on screen chemistry reminded me of the group of friends from The Explorers, Stand By Me or The Goonies but it's definitely not lighthearted or a comedy at all. It's always a good sign that a show is going to be good when you are completely sucked in within the first couple minutes. 10 out of 10 so far.",786
50,9,The return of event television!,"Not since the early 2000's, has there been such an eagerly awaited genre TV series finale.

And my word. Does this deliver edge of the seat drama? Yes, it does.

After four seasons, loyal viewers are now fully invested in these characters; involved in their fights, and intrigued by their outcome. You care for the plight of all involved, as you watch chess pieces across a decimated board fall into place, for epic battles. Who will survive? Who will fall? Watch to find out! It's intricate, its horrific, it's fascinating; it's ultimately human!

The pacing, soundtrack, cinematography and direction of this show, are second only to plot and character. As it should be.

Is it derivative? YES!! But with enough originality that it remains singular.

Creativity lives!! Thank the gods!!!",788
51,9,Season 4!!!!!!!!!!!!!!!!,"I can't believe the first time I tried to watch the first episode of season 1 I didn't get into. What?!? I must have been having an off day.

I thoroughly enjoyed seasons 1-3. The kids are just perfectly cast, and work so well together. The adult cast couldn't be better. I couldn't wait to see what happened after the end of sn 3 (unfortunately,,, lots happened in the world, and really slowed things down). Then finally,,,

Season 4 brought everything to a COMPLETELY DIFFERENT LEVEL!!! First,, every episode was either a mini movie, or a full blown movie (as far as the run time goes). From the opening of ep 1, everything is different from previous seasons bc our group has become scattered. Joyce, Will, Jonathan, and El are in California now, while everyone else is back in Hawkins. While Jonathan has adapted to life in Cali (he's become a bit of a stoner along with his buddy Argyle, who drives a van to deliver pizza from the SURF PIZZA 🍕 chain), and Joyce has found a thriving new job where she can work from home,, Eleven has had a more difficult time. While still reeling from losing her adoptive Dad, Hopper, along with losing her powers,, she has become the target of ridicule and bullying from a group of California kids at school. At her age, it's tough for any child to adapt to theirs surroundings,, but for El,, the deck is always stacked against her. Will is also having troubles, but for him it's more of the estrangement from everything he's known, along with the realization that he's probably never going to feel normal after what he's been through.

In Hawkins, Dustin, Lucas, and Mike have joined a D&D club called Hellfire, by their ""interesting"" leader Eddie Munson (the quintessential metal head of the 80s). However, Lucas has also joined the basketball team in an effort to gain popularity. Max, on the other hand is still reeling from the events that took place at the end of sn 3 (Billy's death, etc). She's even been visiting the school counselor, and although she'd broken up with Lucas at some point, he still tries to reach her to no avail.

Nancy is still chasing down stories as a budding journalist while Steve and Robin toil away at the video store (we saw them get hired at in the last ep, sn 3).

Overall, life seems to be going okay in Hawkins,, at least on the surface, that is. The upside down is still lurking just on the other side,, and a great evil is making itself known to the teenagers in Hawkins. Especially teens who've gone through certain trauma,,,

I don't want to say too much (cause I'll give too much away),, but this season should win all kinds of awards!!! I can only hope that the last season will be as good (don't know how they can top this).

So much happening in this season. I really can't emphasize this enough. Your emotions will be drained after watching, but in the best way possible.

The big bad guy's name is Vecna, and he is one of THE greatest villains I've ever seen!! So evil, so scary, just incredible.

I'm literally on pins and needles wanting to see season 5!! Of course,, we'll probably have to wait til 2024 before they get it on Netflix,,, ugh.

P. S. Really!! If you enjoyed sns 1-3,, this season blows them out of the water several times over!!",3233
52,10,Stranger Things 3 PARODY went downhill from the 1st minute,"I honestly found the trailer worrying a few months from release, and sadly I was right. Season 1 and 2 are brilliant. I love this show. Season 3 unfortunately drop the ball astronomically. I found most of it predictable, cringeworthy, boring, unreal Russians being the ridiculous bad guys from like a cartoon sitcom. 80% of the dialog is pointless filler, there is no progression from season 2. We learn nothing new about the Upside down world, about Eleven.

Over all it doesn't capture the essence of the original Season 1 and 2. Hugh Disappointment.",552
53,6,Season 3 was lame,"The show should have stopped with season 1. Season 3 was a major disappointment-I mean the lame plot with the Russians, cringey dialogue, and boring, repetitive action sequences. Not to mention the uncomfortable kissing sequences between Eleven and Mike. They should just stop beating a dead horse and end the show, but Netflix likes money too much.",349
54,5,Probably the last season I watch,"Season 1&2 were relatively ok, but season 3 was just infused with way too much emotion. Also i fell like Hopper lost all the character development we saw all through the previous seasons and the show is also too focused on relationships ie mike/eleven and max/lucas. I actually didn't finish the season",302
55,9,Great fun,"This show is very enjoyable and I can't wait for season 4. Season 1 starts of the show at a 10/10 absolutely perfect with great characters hooking me and many others from the start. Season 2 is almost as good at a 8/10 but this season has the worst episode in the show, it is just painful. Season 3 again is great at a 9/10 I think I enjoy it a bit more than most people, but this season is the most ""This show is in the 80s"" thing about the show but still great.",463
56,10,One of the greatest shows i've watched,This is up there for one of my favorite shows i have ever watched. The characters in this show might be my favorite group of characters in a show ever. The cinematography is second to none. The acting is mostly amazing. Every season is good. The creators of this show haven't missed. S4 was the best.,300
57,N/A,Series 3 disappointing,Series 3 is a nightmare. Same old. Nothing new. The first two series were brilliant. Time to retire.,100
58,10,Just amazing!,This is show is one of the best shows ever. The last season is just amazing and I love it!! I hope that there wil be more seasons to watch in future. Also Joseph Quinn character in the show was amazing.,202
59,10,Excellent TV show,"This show has been amazing since the first season.

I remember when the show first came out. It was scary, eerie and had that unique 80s feeling to it.

The story of this show is unique, and the concept of the upside down is just fascinating...and scary.

I have just watched season 4 and it was nothing short of amazing. The way the characters have grown throughout the show, and the way all the seasons tie in with eachother is truly awesome.

I cannot wait for the final season to come out, and I'm sad that an amazing show like this is coming to an end. Hopefully, there will be opportunities for maybe a mini spin off series or something related to the stranger things universe in the future...but that's just wishful thinking.

If you haven't watched this show, I highly recommend you do.",794
60,9,Just what we were waiting for,"Watched the new first 7 episodes of series 4. Wow, especially the episode Dear Billy, the gunfight scene and Max's scene at the graveyard are gripping and so well made. The sound track is spot on. Can't wait until July 1st.",223
61,10,They are not slowing down!,"Just finished watching Season 4. And I was quite impressed. The season 4 introduced some new characters and some new actors who play it. And those actors, they're excellent. Just excellent! Especially Eddie! This added character is amazing and the actor who plays it is superb! Wonderful work! And old guards still there, I mean Matthew Modine and Paul Reiser, they are excellent, I'm glad they are still in work and I wish them only the best roles just like those here in Stranger Things (I love them so much!). The series continued to maintain the highest level of art possible. Art of writing for screen, art of acting, art of directing. And that is impressive too. Can't wait for Season 5.",693
62,10,My favorite show since 2017,"I don't understand how some people don't like it. The fact that some people said ""Too long wait for season 4"" and gave 1 star like did y'all forget about covid pandemic? That was the reason we had to wait so long. But sure it may be not for everyone and is more for like teens but mostly everything in the show was really good. The acting, the cast, story. I just loved everything in stranger things and I'll never change my mind.",430
63,10,One of the best series ever made,"The atmosphere, clever writing, fantastic cinematography, amazing acting make this one of the best series ever made. And there's still one last season to go!",157
64,7,Excellent Show,"The first season was 10/10. I can't quite articulate what's been lost in seasons 2 and 3. The mystery I think? Part of the horror was watching people struggle against an unknown enemy - a single unknown enemy, another of season 2's downfalls. Also the fact that the children, teens, and adults were initially separate, fighting the same problem but with slightly different stakes and information, was really fun to watch in the first season. None of this is to say later seasons were bad (though 3 was better than 2), but they don't live up to the brilliance of the first season",578
65,4,Lost all momentum on season 3,"Season 1 was fantastic, season 2 kept the ball rolling. Season 3 was a poor concept riddled with weak characters who's behavior was inconsistent from previous seasons, drawn out far too long and wrapped up so poorly that the characters on the show could have written a better script. Haven't been so let down by a show's ending since how I met your mother.",356
66,10,Amazing Characterization and Storyline,"This is the first time that I am placing my review in IMDB all because I really love this TV series. The story is carefully written and the characterization was well planned. This TV series has all the genre you can think off from horror, thriller, romance, sci fi and comedy. It portrays true friendship and the ups and down of every teenager.

It tackles familial issues, like Joyce being a single mom and trying make ends meet and Mrs Wheeler who seems to be an unhappy wife who always had a glass of wine in the dining table.

It also love how it portrays all kinds of love. I like how El and Mike relationship started as a puppy love and progressed into a more mature relationship. I also love how they portrayed Mike's feelings towards Mike. You see at Mike's age he must still be confused on how he feels towards Mike.

The attention to detail is also remarkable. Believe it or not I have watched this series thrice already and I still cannot move on. I feel like I can rewatch it all over again because of the surprising details in the show.

If you haven't watched it yet I dare you... just give it a try. Anyone at any age will surely love this amazing show.",1168
67,10,Fav TV Series,"My Favorite TV series so far, this series it's so good I can't wait for the next season, season 4, I hope that eleven not lose her power. The CGI, cinematography I love it, this series is so recommended to watch with your friends, please I can't even describe it because this series is too good. I really love their chemistry.

Like every season they're giving us surprise with their new villain, story, and of course new characters. Duffer brothers was so genius how he can think like season 4 connect with every past in Season 1-3. Dustin and Steve always carry the show and they were so funny.

I love how they can make any connections from season 1 to season 4, I don't know if they already made the mind mapping from the day it releases or they just tryna to connecting it. The chemistry between the actors it just so good, like we're watching a real friend group. Duffer brothers never make any fail story and non-fun episode so far, and I hope he never make one in the future. I love the VFX and everything about this series, their iconic monster, really well written concept and story. I love how the character development we're grow in this series, they can change side by any season, which is a real-life thing that could happen.",1239
68,10,what we know and don't know can lead to perceptive contrasts,"Since its debut last year, Netflix's ""Stranger Things"" has become a popular show. I just binge-watched the first season. A couple of things struck me. One is of course the focus on government secrets and how Will's disappearance leads to the realization that this small, idealistic town might not be what it seems. Equally significant is the look at and allusions to 1980s popular culture.* But beyond that, there's the contrast between Will's family and Mike's family. Mike comes from an affluent family in an immaculate house, while Will comes from a working-class family in a house not in the best condition. These set the stage for the eerie events soon to dominate the town.

From the first episode, it was clear that this was going to be a good show, and it didn't disappoint. Winona Ryder, as Will's distraught mother, puts on what has to be the best performance of her career. If you only know her from her ""cute"" roles, then you're in for a pleasant surprise. Outstanding series.

And remember, the bad men are coming.

*I understand that the show's creators tracked down the makers of the era's board games to find out what they got called in foreign languages, so as to be able to properly localize the show in foreign countries.",1240
69,10,Stranger Things,"Netflix does it again! I'll admit, I was excited for this show just based on the genre it was listed as being in and so far it has not disappointed. With the exception of a few of the adults most of the cast was unknown to me which only adds to the level of immersion the show can reach. The two performers I was familiar with, Winona Ryder and David Harbour are both magnificent. A few things about Stranger Things are extraordinary and could only be done by Netflix. One, this show is suspenseful and engaging so waiting for a week to see the next episode would change the entire dynamic and would really be a bummer, Stranger Things must be binged! Second, the creators of this series are, like the young actors, unknown to me. Matt and Ross Duffer. Brothers that through conventional methods may not have had the opportunity to bring this show to life, get that opportunity from Netflix. In the past few years television has changed wildly. If you were a writer or actor five years ago you would much rather be a movie star than a television star, those distinctions have all but vanished. This change was brought on by many factors but I'd like to take this opportunity to applaud Netflix for their role. It is no coincidence that they started doing their own programming right around the same time these changes began. Bravo and please start filming season two of Stranger Things ASAP!",1391
70,N/A,Just Okay,"I mean, no serious plot holes, and some solid acting on behalf of most of the cast, , but nothing stellar, either. A pretty solid, average score of 5.

Surprisingly, I find Ryder's acting to be the most irritating out of anyone's in the cast. She strikes me as shrill, with very little nuance. I think the series would be much better without her.",346
71,9,Back to the eighties!,"Netflix did it again with Stranger Things. It's a very pleasant and easy to follow series to watch. It's like a time warp back to the eighties. A mixture of The Goonies meets The X-Files meets Close Encounters Of A Third Kind. I watched the whole first season in just a couple days. You immediately get hooked on this show. I don't know if the makers will add another season to it and if they do I'm already very curious what it will be about. Will it be a complete other story or will it just continue where the first season ended? It doesn't matter to me, I just want more seasons like this one. The cast is very good. All the actors fit perfectly well in the story. There is enough suspense to keep you interesting all the time. Watch this one, you won't regret it.",768
72,10,For Once The Hype is Real.....,"I didn't have much interest when it first came out. I took me until the release and ads of Season 4 that sparked my interest.

Here we have a near perfect show, one that surprised me with a shockingly connecting every season turned out to be.

The characters are hard not to love, the nods to nostalgia, I didn't expect the 80's to be a backdrop I was going to love for this show.

The stand out characters for me are definitely Nancy, Steve, Robin, Lucas, Max, & most importantly Eleven. The rest have their moments but these were my top. I would say the weakest & most annoying character is Will.

Each seasons major monster were greatly imaginative I felt like this show gave me an 80's X-Files, Silent Hill, Resident Evil, Goonies all wrapped into one. I cannot recommend this show enough.

Looking forward to season 5.",823
73,10,"Engaging, Tense, Outstanding!!","Season 1

This series sets environment right from the start of its first episode. The plot of the series is very interesting. Storyline keeps you engaged. The Duffer Brothers has directed the series so well. Each and every scene looks completely new. As the series progresses the environment becomes so tense and scary. It keeps you at the edge of your seat.

The acting is outstanding from the entire cast. Each character has portrayed its role with absolute perfection.

The background music is excellent. Visual effects are also good. In the tense and scary scenes background score makes your spine chill.

Overall, ""Stranger Things"" is a must watch series!

Season 2

Second season is a good continuation of the first season. Storyline is good this time also. In second season bond between characters is shown beautifully. There's much time given for character development so we feel more connected to the characters this season. Last few episodes are very tense and you will be thrilled by the climax.

Season 3

Despite being Netflix's most streamed series (65M+ views for the third season), I wonder why people criticise this third season. Strange things get on a bigger level in the third season. Problem is now bigger to face. This season is very interesting to watch. Waiting for the fourth season...",1310
74,9,I cried and cheered,"That's right, I actually cried watching Stranger Things, especially during the last two episodes of season 2. I never thought an adventure/sci-fi type show would get me so emotionally attached, but Stranger Things made it happen. I had goosebumps, tears and at times I even punched the air from excitement.

Part of the strong emotional response is due to the rich characters - their personal background and emotional life play a huge role in the drama. I empathised deeply with Joyce's warrior spirit, Hopper's loss, the Stand By Me-like friendship between Mike, Dustin, Lucas and Will, and the blossoming relationship between Jonathan and Nancy. And while Will is my favourite character, I feel the most special towards Eleven, as she essentially has no real home.

All of this makes the storyline believable and relatable to me, even when the fantasy element seems larger than life. Yes: seems, because once I started looking closer, I realised a lot of the fantasy part is firmly rooted in reality. One take on Stranger Things could be that - apart from being a bad-ass adventure with some world class music - it's a show that deals with trauma, in a stylised, metaphoric way. Will's disapperance into the Upside Down is a traumatic experience, which makes him more vulnerable to a similar experience later on. Most of the main characters deal with a personal trauma in some kind of way. Hopper losing his daughter; Joyce being faced with her husband running off, and then losing her new partner; and ofcourse Eleven having her entire childhood stolen from her. Mike too deals with trauma when he misses El so much after het initial disappearance in the season 1 finale. The way he keeps looking over to El's place in his room and calls her every night struck a chord of real grief.

The thing I appreciate most about the way the traumas are portrayed is the fact that life is never the same again for any of the characters. We see this most clearly with Will, who, when returned from the Upside Down, goes through life known as 'zombie boy', having lost the innocence of his former childhood years. And when he becomes infected and seems to be lost to his loved ones, it made me think of depression or other mental conditions where the patient no longer seems to be themselves to their surroundings. When Joyce, Jonathan and Mike relate their personal memories of Will to him, in order to reach his true self again, it set the tear ducts running for sure.

This is all part of what trauma can do to people - while at the same time Stranger Things shows that people cope and adapt in some form or another (a fact even stated explicitly in season 2).

What's more, Dr. Brenner compares Eleven's childhood trauma to a wound that spreads, like the vines of the superorganism. It would go too far to see the Upside Down, the Demo-dogs, the virus etc. All as mere allegory for real-life experiences and concepts, but it seems to me they do come from a profound insight into human existence. Also, watching season 2 in covid times made the virus theme extra poignant.

Looking forward to diving into season 3 soon, with anticipation for season 4 already as high as the Shadowmonster looming over Hawkins...",3204
75,6,"S1=9, S2=7, S3=4","S1= secret agencies, mysterious experiments, physic powers,the dark subject matter of the abuse of these subjects to exploit such powers, and the thrilling escape from these nefarious machinations.

S2= we get to explore the other world, foreboding air of danger throughout, development and growth of the gang. Similar tone as the 1st season and closes it well.

S1+S2 fits and works together.

S3=budget feels halved, core group split up for nearly the whole season, big CGI monster that looks at home in Resident Evil 2 or The Evil Within 2 video game, contrived setups , poor consistency , cheap guard costumes and lazy jokes.

Even worse thing is that they somehow made the characters flat one-note archetypes, with romances shoehorned in. It's quite sad for what S3 has turned out to be.

Guess it could be summed up as if it was made cause fans wants a new season (naturally since S1 and S2 was good) , and the producers and creators decide to chase the money that comes with that. Rather then working at it until they have something interesting to show, they just went with a hackjob of various 80s cliches.

And of course in analyzing why the drop in quality is so dramatic, we also need need to look at the pressure the suits must be pressing on the showmakers. Imagine an even greater fall in Netflix stocks if S3 was not made in time .....",1350
